gene,r_crude,p_crude,r_tech_contam,p_tech_contam,r_full_adj,p_full_adj
EIF2S1,0.755109,0.000000,0.808095,0.000000,0.741002,0.000000
EIF2AK3,0.690931,0.000000,0.549546,0.000135,0.440359,0.003125
HSPA5,0.074247,0.636089,0.029049,0.853298,-0.227658,0.142044
SEL1L,0.457513,0.002038,0.436952,0.003393,0.188010,0.227301
ATF4,-0.415559,0.005584,-0.176546,0.257425,-0.165247,0.289615
ATF6,0.534613,0.000222,0.385584,0.010664,0.066150,0.673423
ERN1,0.056541,0.718751,-0.075152,0.631968,-0.065445,0.676713
XBP1,0.031206,0.842537,0.207427,0.181981,0.055212,0.725102
DDIT3,-0.336120,0.027546,-0.066068,0.673806,0.034745,0.824944
