gene,r_crude,p_crude,r_contam,r_tech,r_tech_contam,r_full_adj,p_full_adj
EIF2S1,0.939812,0.000000,0.940430,0.942923,0.943155,0.943155,0.000000
SEL1L,0.871497,0.000000,0.898461,0.904910,0.906493,0.906493,0.000000
ATF6,0.859891,0.000000,0.879383,0.855806,0.875515,0.875515,0.000000
EIF2AK3,0.684697,0.000000,0.673630,0.664031,0.664465,0.664465,0.000000
HSPA5,0.302097,0.007996,0.513839,0.590787,0.609803,0.609803,0.000000
XBP1,0.480948,0.000011,0.572544,0.592096,0.597426,0.597426,0.000000
ERN1,-0.435917,0.000083,-0.453655,-0.496375,-0.499360,-0.499360,0.000004
PLIN1,0.058631,0.614900,0.076997,0.199956,0.221919,0.221919,0.054020
ATF4,-0.018893,0.871313,-0.004040,0.142870,0.175451,0.175451,0.129523
DDIT3,-0.096158,0.408627,-0.036017,0.050681,0.051821,0.051821,0.656627
