gene,probe,trait,spearman_r,p,n
UFM1,11754615_x_at,bmi,0.1697,2.171e-06,770
UFM1,11754615_x_at,totfa,0.0913,1.148e-02,765
UFM1,11754615_x_at,matsuda,-0.1434,6.884e-05,765
UFM1,11754615_x_at,homair,0.1166,1.197e-03,769
UFM1,11754615_x_at,p_ins0,0.1279,3.767e-04,769
UFM1,11754615_x_at,p_adipon,-0.1230,6.266e-04,770
UFM1,11754615_x_at,p_crp,0.1393,1.063e-04,769
UFC1,11715621_at,bmi,0.0469,1.934e-01,770
UFC1,11715621_at,totfa,0.0118,7.437e-01,765
UFC1,11715621_at,matsuda,-0.0670,6.382e-02,765
UFC1,11715621_at,homair,0.0541,1.336e-01,769
UFC1,11715621_at,p_ins0,0.0534,1.387e-01,769
UFC1,11715621_at,p_adipon,-0.0867,1.608e-02,770
UFC1,11715621_at,p_crp,0.0270,4.552e-01,769
UBA5,11724535_a_at,bmi,-0.0281,4.357e-01,770
UBA5,11724535_a_at,totfa,-0.0152,6.744e-01,765
UBA5,11724535_a_at,matsuda,0.0471,1.932e-01,765
UBA5,11724535_a_at,homair,-0.0459,2.032e-01,769
UBA5,11724535_a_at,p_ins0,-0.0385,2.868e-01,769
UBA5,11724535_a_at,p_adipon,0.0153,6.720e-01,770
UBA5,11724535_a_at,p_crp,-0.0044,9.025e-01,769
UFL1,11743510_at,bmi,-0.2081,5.588e-09,770
UFL1,11743510_at,totfa,-0.0828,2.205e-02,765
UFL1,11743510_at,matsuda,0.1957,4.874e-08,765
UFL1,11743510_at,homair,-0.2107,3.641e-09,769
UFL1,11743510_at,p_ins0,-0.2050,9.704e-09,769
UFL1,11743510_at,p_adipon,0.0489,1.757e-01,770
UFL1,11743510_at,p_crp,-0.1086,2.573e-03,769
UFSP1,11731345_at,bmi,-0.0360,3.187e-01,770
UFSP1,11731345_at,totfa,0.0409,2.582e-01,765
UFSP1,11731345_at,matsuda,0.0648,7.334e-02,765
UFSP1,11731345_at,homair,-0.0644,7.432e-02,769
UFSP1,11731345_at,p_ins0,-0.0669,6.370e-02,769
UFSP1,11731345_at,p_adipon,0.0768,3.306e-02,770
UFSP1,11731345_at,p_crp,-0.0283,4.331e-01,769
UFSP2,11756293_a_at,bmi,-0.1729,1.382e-06,770
UFSP2,11756293_a_at,totfa,-0.0830,2.164e-02,765
UFSP2,11756293_a_at,matsuda,0.2323,7.849e-11,765
UFSP2,11756293_a_at,homair,-0.2257,2.455e-10,769
UFSP2,11756293_a_at,p_ins0,-0.2258,2.377e-10,769
UFSP2,11756293_a_at,p_adipon,0.0770,3.273e-02,770
UFSP2,11756293_a_at,p_crp,-0.0818,2.336e-02,769
DDRGK1,11718598_x_at,bmi,-0.1472,4.149e-05,770
DDRGK1,11718598_x_at,totfa,-0.0645,7.452e-02,765
DDRGK1,11718598_x_at,matsuda,0.1787,6.547e-07,765
DDRGK1,11718598_x_at,homair,-0.1788,6.041e-07,769
DDRGK1,11718598_x_at,p_ins0,-0.1792,5.654e-07,769
DDRGK1,11718598_x_at,p_adipon,0.0718,4.630e-02,770
DDRGK1,11718598_x_at,p_crp,-0.0034,9.257e-01,769
CDK5RAP3,11744440_s_at,bmi,0.0437,2.261e-01,770
CDK5RAP3,11744440_s_at,totfa,-0.0069,8.498e-01,765
CDK5RAP3,11744440_s_at,matsuda,-0.0753,3.721e-02,765
CDK5RAP3,11744440_s_at,homair,0.0885,1.411e-02,769
CDK5RAP3,11744440_s_at,p_ins0,0.0868,1.602e-02,769
CDK5RAP3,11744440_s_at,p_adipon,0.0006,9.868e-01,770
CDK5RAP3,11744440_s_at,p_crp,0.0159,6.594e-01,769
