gene,expected_direction,observed_delta,observed_direction,p_paired,cohens_d,n,concordant
SLC27A2,up,2.2564,up,1.7819061092359192e-05,1.543,16,yes
ELOVL6,up,1.5374,up,2.73939246093386e-07,2.192,16,yes
FASN,up,1.5236,up,1.0612634696970978e-06,1.966,16,yes
GYS2,up,1.4427,up,6.049149928737339e-05,1.376,16,yes
LGALS12,up,1.3018,up,4.992416840338445e-07,2.09,16,yes
PKP2,up,1.2808,up,1.1537186483806466e-05,1.605,16,yes
ACLY,up,1.2325,up,2.387085274031919e-06,1.839,16,yes
FOS,down,-2.8231,down,5.8288963895694905e-06,-1.704,16,yes
EGFL6,down,-2.2239,down,0.0001395363426056,-1.266,16,yes
PRG4,down,-2.1879,down,2.254558514819961e-06,-1.848,16,yes
AQP9,down,-2.1558,down,3.966676860680901e-06,-1.761,16,yes
DUSP1,down,-1.7336,down,1.1404437398514429e-06,-1.955,16,yes
RGS1,down,-1.7085,down,3.9933916303451465e-06,-1.76,16,yes
EGR1,down,-1.6524,down,0.0001475166259125,-1.259,16,yes
SPP1,down,-1.5799,down,2.06446758894081e-05,-1.523,16,yes
LYZ,down,-1.4997,down,4.011718075874826e-07,-2.127,16,yes
