gene,r_pre,p_pre,r_all,p_all,n_pre
EIF2AK3,0.5903666639998345,0.016056329993282832,0.6182036542485904,0.00016285495579879808,16
EIF2S1,0.6956993053100222,0.002765023970956675,0.7566859129509889,5.421693266313427e-07,16
ATF4,-0.15253682841824628,0.5727738195768861,-0.026817816993537538,0.8841623592107463,16
DDIT3,0.11570402216250966,0.6695893859447348,0.2936832566024992,0.10279955004537294,16
HSPA5,0.24857091378769372,0.353243368820335,0.4217178728940158,0.016215659543834443,16
XBP1,0.330928487790076,0.21057610855979816,0.4016933471270232,0.022675776996762452,16
SEL1L,0.41631962068158435,0.10871157719950167,0.7295637289282306,2.1650946335613357e-06,16
ATF6,0.5024654147927323,0.04730612459720573,0.6178122020431868,0.00016486892488143384,16
LEP,-0.15359845157571644,0.5700733043224004,0.3629790772684035,0.041165513459694124,16
ADIPOQ,-0.1401213943939202,0.6047472564476433,-0.04562153475914301,0.8041842395584287,16
CD68,0.146560830105312,0.5880748459958545,0.1281953090216019,0.4844123512485825,16
FASN,-0.4358621273201758,0.09148095235434875,-0.2872920135983599,0.11086247373331615,16
PPARG,-0.07629333189399641,0.7788428727075138,0.13068916978599113,0.4758810496826906,16
PLIN1,-0.4266762508332237,0.09931837688269501,-0.07605495368912292,0.6790830216065469,16
SLC2A4,-0.26060642367859393,0.32963349572937106,-0.2266215780807474,0.2123002993576053,16
PTPRC,0.27054517518449284,0.31084065268156824,0.2969079320936467,0.09890336954654129,16
LYZ,0.44885837104583765,0.08116038987795152,0.28856781820427335,0.10921629412796871,16
