gene,r_crude,p_crude,r_contam,r_tech,r_tech_contam,r_full,p_full
EIF2S1,0.9398124457084167,3.026368667424032e-36,0.9404296526173503,0.9429228352374439,0.9431547506489759,0.9431547506489757,3.881728595092175e-37
EIF2AK3,0.6846970343650751,9.085482104944734e-12,0.6736301814563028,0.664030821843371,0.6644651487580624,0.6644651487580627,5.968761620123758e-11
ATF6,0.8598910665629602,2.6284230588488946e-23,0.8793826840342468,0.8558056987626301,0.8755153850581852,0.8755153850581856,4.432133623966756e-25
SEL1L,0.8714967152001283,1.3323606915057495e-24,0.898461392263062,0.9049099575933002,0.9064927335505082,0.906492733550508,1.982624774989883e-29
ERN1,-0.435916997396011,8.283993634012883e-05,-0.45365530443708746,-0.49637545673806804,-0.49935999601231656,-0.4993599960123164,4.3914964256346075e-06
HSPA5,0.3020971276826837,0.007995708325259171,0.5138389620912196,0.5907873584427346,0.6098025786057575,0.6098025786057568,5.007226913916423e-09
XBP1,0.48094828672245205,1.0945304275980826e-05,0.5725441297465369,0.592095904930479,0.5974263550613252,0.5974263550613254,1.2180361945204665e-08
DDIT3,-0.09615819666667612,0.4086272452036997,-0.03601708170109409,0.05068051095354881,0.051820767600816865,0.05182076760081675,0.6566271258374212
ATF4,-0.018893054110051474,0.8713132995106863,-0.004039542352854836,0.1428696757737409,0.1754512164429461,0.17545121644294653,0.12952320293079042
PLIN1,0.058630576814552124,0.6148998882217211,0.0769970140479522,0.19995582100129897,0.22191885312686158,0.221918853126862,0.05401972697904901
