gene,r,p,r_tech,p_tech,r_tech_con,p_tech_con,r_full,p_full
EIF2S1,0.7551093141236966,4.8948301007038254e-09,0.770808776008065,1.482091155140604e-09,0.8080951257828923,5.708464844069593e-11,0.7410017025078195,1.3307707076563305e-08
EIF2AK3,0.6909313931835417,2.922248507349495e-07,0.6927639277169466,2.6385498557772417e-07,0.5495456690809909,0.00013521060418171256,0.440358865940643,0.0031248946180366765
ATF6,0.5346131352660339,0.00022160940324552023,0.5321888496428736,0.00023959971260729753,0.38558377045881087,0.010663793481246646,0.06615011977959441,0.6734225622065115
SEL1L,0.4575128706004751,0.0020381819195127446,0.47752645418825024,0.0012031804822985697,0.4369523746522168,0.0033929361215568315,0.1880104845504127,0.22730104187268618
ERN1,0.05654112866537743,0.7187514671642524,0.03078445493680962,0.844637505671852,-0.07515158254687511,0.6319679878551592,-0.06544487433882211,0.67671320465592
HSPA5,0.07424652297781215,0.6360887100753758,0.043648269867591086,0.781074395585772,0.02904886107854935,0.853298089899484,-0.22765829532349013,0.142043639480801
DDIT3,-0.33612008644917746,0.02754579348184166,-0.3295187548174199,0.030943823990671197,-0.06606791149171355,0.6738058339405634,0.03474488120776896,0.8249441769541442
ATF4,-0.41555926849830827,0.005583997342666307,-0.41548465990773287,0.005593401648358901,-0.17654589452150615,0.2574249449688899,-0.1652468380037289,0.28961477461452484
XBP1,0.03120586423478859,0.8425373655251004,0.02149891915127928,0.8911577859609154,0.20742746458695355,0.181980635607553,0.0552118543320594,0.7251020751886965
