true_donor,donor_id,biosample_id,bmi,cells
D01,TP01,Hs_OAT_01-1,42.7,7248
D01,TP01,Hs_OAT_01-2,42.7,5849
D01,TP01,Hs_SAT_01-1,42.7,5137
D02,TP02,Hs_SAT_02-1,33.2,5711
D04,TP04,Hs_SAT_04-1,25.3,2039
D09,UP1005-S,Hs_OAT_09-1,45.7,5554
D09,UP1005-S,Hs_SAT_09-1,45.7,475
D10,UP1008-B,Hs_OAT_10-1,43.1,7601
D10,UP1008-B,Hs_SAT_10-1,43.1,727
D11,UP1009-S,Hs_SAT_11-1,42.8,2066
D12,UP1010-S,Hs_OAT_12-1,48.7,11611
D12,UP1010-S,Hs_SAT_12-1,48.7,4805
D13,UP1018-S,Hs_OAT_13-1,43.2,8676
D13,UP1018-S,Hs_SAT_13-1,43.2,7129
D253,EPI253,Hs_OAT_253-1,30.04,487
D253,TP01,Hs_SAT_253-1,30.04,1014
D254,EPI254,Hs_OAT_254-1,23.96,13243
D254,TP01,Hs_SAT_254-1,23.96,12094
D255,EPI255,Hs_OAT_255-1,24.27,6995
D255,TP01,Hs_SAT_255-1,24.27,5043
D256,EPI256,Hs_OAT_256-1,34.53,6967
D256,TP01,Hs_SAT_256-1,34.53,5704
D266,EPI266,Hs_OAT_266-1,22.15,5854
D266,EPI266,Hs_SAT_266-1,22.15,5655
