score,comparison,n,mean_a,mean_b,diff,cohen_d,t,p,wilcoxon
UFM1_z,Obese_pre vs Lean,16,0.649380021407627,0.03051597844960991,0.618864042958017,0.7636179559660939,3.0544718238643758,0.008029886561874401,0.013018376992207939
UFM1_z,Post_RYGB vs Obese_pre,16,-0.67989599985723,0.649380021407627,-1.3292760212648569,-1.1639016239199533,-4.655606495679813,0.00031080732583004434,3.0517578125e-05
UFM1_z,Post_RYGB vs Lean,16,-0.67989599985723,0.03051597844960991,-0.7104119783068399,-0.4769102672803495,-1.907641069121398,0.07576954878352121,0.021345907961805296
machine_z,Obese_pre vs Lean,16,0.09060255625017753,-0.009374515184335339,0.09997707143451283,0.14111243395769635,0.5644497358307854,0.5807912421129147,0.632171630859375
machine_z,Post_RYGB vs Obese_pre,16,-0.08122804106584586,0.09060255625017753,-0.17183059731602335,-0.23480305706719615,-0.9392122282687846,0.3625007660888176,0.49542236328125
machine_z,Post_RYGB vs Lean,16,-0.08122804106584586,-0.009374515184335339,-0.07185352588151052,-0.09632404357264818,-0.3852961742905927,0.7054267255651343,0.820892333984375
dysreg,Obese_pre vs Lean,16,0.5587774651574494,0.03989049363394525,0.5188869715235042,0.558670837275566,2.234683349102264,0.041077866117377855,0.033538818359375
dysreg,Post_RYGB vs Obese_pre,16,-0.5986679587913841,0.5587774651574494,-1.1574454239488334,-1.1914849344895324,-4.76593973795813,0.00025005993232030886,6.103515625e-05
dysreg,Post_RYGB vs Lean,16,-0.5986679587913841,0.03989049363394525,-0.6385584524253294,-0.6495422122015471,-2.5981688488061883,0.02017239343253766,0.013092041015625
