Gene_set,Term,Overlap,P-value,Adjusted P-value,Old P-value,Old Adjusted P-value,Odds Ratio,Combined Score,Genes
MSigDB_Hallmark_2020,Protein Secretion,26/96,2.3558095659673892e-11,1.1543466873240207e-09,0,0,6.124981169972383,149.88779268751858,COPB2;TMED10;TSG101;SGMS1;VPS4B;CLTC;USO1;CLCN3;CLN5;LMAN1;GOLGA4;SNX2;LAMP2;TMED2;ARFIP1;AP3S1;SEC31A;RAB2A;MON2;DST;AP3B1;SCAMP1;TMX1;VAMP4;SEC22B;RAB5A
KEGG_2021_Human,Protein processing in endoplasmic reticulum,32/171,3.823584778319163e-09,1.0858980770426424e-06,0,0,3.8024251976510666,73.69889960542555,VCP;TRAM1;UBXN2A;SAR1B;UBE2D3;RRBP1;HSP90B1;UBE2J1;LMAN1;MAPK8;MAN1A2;SEC61G;UBXN8;UBQLN1;MAN1A1;SEC61B;SEC62;UBXN4;UGGT2;UGGT1;SEC31A;PDIA3;MBTPS1;SEC24A;SSR3;RAD23A;EIF2AK4;EIF2S1;PLAA;CALR;ATF6;NFE2L2
MSigDB_Hallmark_2020,Myc Targets V1,33/200,5.48954424931635e-08,1.3449383410825056e-06,0,0,3.261789418510459,54.53005895573927,YWHAE;PSMD14;GLO1;HNRNPU;HNRNPR;PWP1;HSPD1;SYNCRIP;LDHA;PSMD7;G3BP1;USP1;AP3S1;ACP1;CCT2;HNRNPA3;RRM1;EIF1AX;VBP1;NCBP2;DEK;HSPE1;EIF2S1;GNL3;RSL1D1;SERBP1;EIF3J;VDAC1;HDGF;ETF1;MCM6;ABCE1;EIF4G2
Reactome_2022,Metabolism Of RNA R-HSA-8953854,78/666,2.72539787075958e-09,3.562095017082771e-06,0,0,2.2289623031533057,43.956588590687666,LTV1;HBS1L;SMG1;PDCD7;CCNH;WDR3;SPPL2A;FCF1;HNRNPU;HNRNPR;PSMD7;PAPOLA;RPL37;TNPO1;UTP14A;UTP14C;UTP15;UPF1;WDR36;DIS3;NCBP2;TYW3;THOC1;PLRG1;TRNT1;CDC40;GNL3;PSMA3;EBNA1BP2;XRN1;DKC1;ZC3H11A;PSME4;MAPKAPK2;XRN2;GEMIN5;ETF1;RBM22;FYTTD1;DDX6;SEH1L;PSMD14;DHX9;NIP7;CSTF3;DDX1;WBP4;DDX20;PARN;RNPC3;POM121C;FIP1L1;ERI1;TPR;NUP88;SF3B1;SMNDC1;DCAF13;POLR2K;TRDMT1;RANBP2;NOP14;HNRNPA3;RNGTT;PNO1;KRR1;CPSF2;CDC5L;GTF2H1;CWC15;GTF2H3;NUDT21;CDK7;ERCC3;PSMC1;MPHOSPH10;EIF4G1;NUP37
Reactome_2022,Membrane Trafficking R-HSA-199991,70/599,1.9824735510673264e-08,1.2955464656224976e-05,0,0,2.2143294063166334,39.27408906024421,SCARB2;YWHAE;SCOC;MCFD2;SH3KBP1;CLTC;GOLIM4;GCC2;WASL;CLINT1;BICD2;GOLGA2;GOLGA4;MAN1A2;AKT3;TMED2;KIF21A;MAN1A1;AP3S1;VPS36;SBF2;YWHAG;AGFG1;ACTR3;ACTR2;PRKAB2;COG6;PLA2G4A;VPS37A;AP3B1;GAPVD1;REXO2;RINT1;RAB30;ALS2;TRAPPC6B;NAA35;NAA38;EXOC5;VAMP4;SEC22B;STAM2;RAB7A;COPB2;RALA;TMF1;TSG101;SAR1B;VPS4B;USO1;LMAN1;SCFD1;SNX2;FCHO2;UBQLN1;SEC31A;TBC1D16;SEC24A;FZD4;VTA1;GALNT1;LNPEP;RAB10;SEC23IP;CAPZA1;CAPZA2;CHMP2B;TRIP11;ACBD3;RAB5A
Reactome_2022,Vesicle-mediated Transport R-HSA-5653656,72/637,4.8590993979633536e-08,2.116947637712701e-05,0,0,2.132179325099679,35.905532315774444,SCARB2;YWHAE;SCOC;MCFD2;SH3KBP1;CLTC;GOLIM4;GCC2;WASL;CLINT1;BICD2;GOLGA2;GOLGA4;MAN1A2;AKT3;TMED2;KIF21A;MAN1A1;AP3S1;VPS36;SBF2;YWHAG;AGFG1;ACTR3;ACTR2;PRKAB2;COG6;PLA2G4A;VPS37A;AP3B1;GAPVD1;REXO2;RINT1;RAB30;ALS2;TRAPPC6B;NAA35;NAA38;EXOC5;VAMP4;SEC22B;STAM2;RAB7A;COPB2;RALA;TMF1;TSG101;SAR1B;VPS4B;USO1;HSP90B1;LMAN1;SCFD1;SNX2;FCHO2;UBQLN1;SEC31A;TBC1D16;SEC24A;FZD4;VTA1;GALNT1;LNPEP;RAB10;SEC23IP;CAPZA1;CAPZA2;CHMP2B;TRIP11;CALR;ACBD3;RAB5A
GO_Biological_Process_2023,Regulation Of Translation (GO:0006417),32/202,2.2800833904465986e-07,0.000685260761823315,0,0,3.103886925795053,47.470485455904104,DDX6;DDX3X;DHX9;PRKDC;FMR1;DDX1;MTIF2;BZW2;GIGYF2;LARP1B;SYNCRIP;RNF139;DHX36;METTL5;UPF1;TIA1;NCBP2;EIF2AK4;LARP4;EIF2S1;ILF3;EIF5;RPS6KB1;CSDE1;SERBP1;GEMIN5;ETF1;CALR;VIM;EIF4G3;EIF4G2;EIF4G1
GO_Biological_Process_2023,Golgi Organization (GO:0007030),24/130,4.304401770246954e-07,0.000685260761823315,0,0,3.719960278053625,54.528879579319096,RAB2A;TMED10;COG6;ATL3;UBXN2A;CSNK1A1;YIPF5;ARL1;GCC2;VRK1;GOLGA2;ARHGAP21;VCPIP1;LMAN1;RAB30;SEC23IP;DYM;TMED2;TRIP11;SEC22B;BLZF1;GOLGA8A;PI4K2A;TMED5
Reactome_2022,Late Phase Of HIV Life Cycle R-HSA-162599,23/136,3.590083042443294e-06,0.0009367984782653336,0,0,3.3399440019234796,41.873997581943016,RANBP2;GTF2A1;CCNT2;SEH1L;TSG101;RNGTT;CCNH;NCBP2;VTA1;VPS4B;VPS37A;GTF2H1;SSRP1;GTF2H3;CDK7;POM121C;ERCC3;TPR;CHMP2B;TCEA1;NUP88;POLR2K;NUP37
Reactome_2022,Diseases Of Signal Transduction By Growth Factor Receptors And Second Messengers R-HSA-5663202,49/424,3.65974096572748e-06,0.0009367984782653336,0,0,2.1634415545590433,27.08221707160422,ZFYVE9;CLTC;CLSTN1;GCC2;PPP1CC;FGF7;GOLGA4;PSMD7;ZMYM2;AKT3;PDGFRA;TPM4;NCBP2;PPP2R5A;AP3B1;PPP2R5C;TGFBR2;PSMA3;PIK3CA;TBL1XR1;PSME4;BIRC6;SOS1;VCP;PSMD14;TNKS;MAPKAP1;RRBP1;IQGAP1;PIK3R1;HDAC8;LRP6;BAG4;RAP1A;FIP1L1;TNKS2;TPR;POLR2K;SEC31A;RANBP2;SMAD4;FZD4;CSNK1A1;PTPN11;ERLIN2;PSMC1;AGGF1;TRIP11;FGF13
Reactome_2022,Formation Of RNA Pol II Elongation Complex R-HSA-112382,14/58,4.300528591883704e-06,0.0009367984782653336,0,0,5.199367588932806,64.24740303551266,CCNT2;CCNH;NCBP2;GTF2H1;SSRP1;MLLT3;GTF2H3;AFF4;CDC73;CDK7;ERCC3;LEO1;TCEA1;POLR2K
GO_Biological_Process_2023,Golgi Vesicle Transport (GO:0048193),30/197,1.2682025620204584e-06,0.0012889805822423,0,0,2.957418496340652,40.1555620735595,COPB2;TMED10;ATL3;SAR1B;PITPNB;USO1;GCC2;BICD2;GOLGA2;LMAN1;GOLGA4;SCFD1;SNX2;BCAP29;TMED2;TMED5;SEC31A;RAB2A;SEC24A;COG6;YIPF5;SCAMP1;RINT1;VAPA;TRAPPC6B;VAPB;TRIP11;EXOC5;SEC22B;ERGIC2
GO_Biological_Process_2023,Proteasome-Mediated Ubiquitin-Dependent Protein Catabolic Process (GO:0043161),41/319,1.6193223395004785e-06,0.0012889805822423,0,0,2.437196102423493,32.49636106845178,VCP;CUL5;PSMD14;UBXN2A;FAF2;UBE2D3;CUL2;UBR3;UBR1;UBE2J1;HSP90B1;PSMD7;CDC27;UBXN8;UBQLN1;DNAJB9;MAN1A1;SEC61B;UBXN4;KLHDC10;CSNK1A1;FEM1B;KLHDC1;WWP1;UBE4A;BFAR;RAD23A;ARMC8;ERLIN2;PPP2R5C;PSMA3;APPBP2;TBL1XR1;PSMC1;ANAPC4;PLAA;TRIP12;CALR;FBXL4;UBE2K;NFE2L2
GO_Biological_Process_2023,Endoplasmic Reticulum To Golgi Vesicle-Mediated Transport (GO:0006888),21/115,2.67979472843262e-06,0.0013799146647481,0,0,3.6632043335008655,46.998070381464565,RAB2A;COPB2;TMED10;SEC24A;ATL3;SAR1B;USO1;YIPF5;GOLGA2;LMAN1;SCFD1;VAPA;TRAPPC6B;VAPB;BCAP29;TMED2;TRIP11;SEC22B;ERGIC2;TMED5;SEC31A
GO_Biological_Process_2023,Intracellular Protein Transport (GO:0006886),41/325,2.60979539942498e-06,0.0013799146647481,0,0,2.384934719626754,30.66129011272178,VPS29;COPB2;TMED10;TSG101;SAR1B;CLTC;USO1;ARL1;SNX13;VPS26A;IPO7;TRAK2;LMAN1;ARL17A;SCFD1;POM121C;RAB23;LAMP2;TPR;TIMM17A;TMED2;TLK1;ARFIP1;NUP88;KPNA4;TNPO1;VPS36;KPNA3;TMED5;SEC31A;APPL1;AP3B1;VPS37A;FAM91A1;SEC23IP;ARL4A;RABL3;CALR;STAM2;RAB5A;RAB7A
GO_Biological_Process_2023,ERAD Pathway (GO:0036503),18/89,3.0337319890820544e-06,0.0013799146647481,0,0,4.1512425337364505,52.744512901647,VCP;CCDC47;FAF2;UBE4A;ERLIN2;HSP90B1;UBE2J1;RNF139;UBXN8;UBQLN1;DNAJB9;MAN1A1;SEC61B;CALR;UBXN4;UGGT2;ATF6;UGGT1
GO_Biological_Process_2023,Regulation Of Translational Initiation (GO:0006446),15/65,3.6011569994804383e-06,0.0014332604857932,0,0,4.904960835509138,61.480031718567375,PPP1R15B;DDX3X;NCBP2;FMR1;DDX1;MTIF2;EIF2AK4;BZW2;EIF5;RPS6KB1;CSDE1;TPR;EIF4G3;EIF4G2;EIF4G1
MSigDB_Hallmark_2020,mTORC1 Signaling,26/200,0.00010314778561505808,0.0016847471650459,0,0,2.4504171464355697,22.4932312086372,IDI1;PSMD14;PITPNB;USO1;UBE2D3;ARPC5L;ATP2A2;ADIPOR2;HSP90B1;HSPD1;LDHA;ATP6V1D;ACTR3;ACTR2;PNO1;HSPA4;SORD;GTF2H1;HSPE1;UCHL5;PSMA3;UFM1;TCEA1;ETF1;CALR;EEF1E1
Reactome_2022,Post-translational Protein Modification R-HSA-597592,119/1383,9.354940293788016e-06,0.0017467009948544,0,0,1.5830870328871662,18.33152407373037,UBE2D3;DCAF8;RORA;SMC5;SMC3;MANEA;GOLGA2;C1GALT1C1;PSMD7;STS;FPGT;RAB2A;PDIA3;WSB2;COG6;ALG14;ALG13;ALG11;FBXW2;PIAS2;KCTD7;RAB30;DMTF1;PSME4;UBE2V2;VDAC1;STAM2;COPB2;VCP;SEH1L;PSMD14;CUL5;SAR1B;PRKDC;TNKS;CUL2;DCUN1D1;BRCC3;BCL10;HSP90B1;VCPIP1;SCFD1;POM121C;ARSK;HLTF;TPR;DPH3;NUP88;SOCS6;SOCS5;SEC31A;NUS1;ZRANB1;SMAD4;PHC3;FBXO30;CALR;FBXL4;UBE2K;RAB5A;NFE2L2;FBN1;MCFD2;THRA;USP34;MYSM1;PIGY;CDC73;PIGX;SENP5;MAN1A2;PGM3;GNPNAT1;TMED2;MAN1A1;USP47;PARP1;COMMD10;DNMT3A;PRMT3;COMMD2;RAD23A;SMC1A;UCHL5;TGFBR2;PSMA3;TRAPPC6B;TOP1;SEC22B;RAB7A;SP100;USO1;TANK;LMAN1;DCAF16;TNKS2;RNF139;RAB23;LEO1;UGGT2;UGGT1;DCAF13;RANBP2;MBTPS1;USP25;RWDD3;SEC24A;NEGR1;FEM1B;GALNT1;C1GALT1;KLHL9;RAB10;SEC23IP;PSMC1;CAPZA1;CAPZA2;NUP37;CUL4B
GO_Biological_Process_2023,Mitotic Sister Chromatid Cohesion (GO:0007064),8/19,5.453480889796481e-06,0.0019293203503457,0,0,11.84334696445423,143.53255918084156,NAA50;RB1;STAG1;ESCO1;HDAC8;PDS5A;SMC1A;SMC3
GO_Biological_Process_2023,Protein Transport (GO:0015031),39/313,6.125329799037404e-06,0.0019503050080135,0,0,2.348476885644769,28.18895114152415,VPS29;COPB2;TMED10;SAR1B;TMEM167A;CLTC;USO1;ARL1;SNX13;GCC2;VPS26A;HSP90B1;SNX4;ARL17A;GOLGA4;SCFD1;RAB23;LAMP2;ARL6IP5;TIMM17A;TMED2;TLK1;ARFIP1;CEP290;TMED5;SEC31A;ARRDC3;AP3B1;SCAMP1;FAM91A1;ZDHHC17;RAB10;SEC23IP;ARL4A;CHMP2B;RABL3;RAB5A;BLZF1;RAB7A
Reactome_2022,Formation Of Incision Complex In GG-NER R-HSA-5696395,11/42,1.9910720081381276e-05,0.0026867684213222,0,0,5.787287021234927,62.643054698286406,CDK7;PARP1;ERCC3;CCNH;XPA;UBE2V2;GTF2H1;RAD23A;ERCC5;GTF2H3;CUL4B
Reactome_2022,Metabolism Of Proteins R-HSA-392499,152/1890,2.055675915319244e-05,0.0026867684213222,0,0,1.4776058983794012,15.946796810017908,UBE2D3;DCAF8;RORA;SMC5;SMC3;YARS2;MANEA;GOLGA2;C1GALT1C1;PSMD7;STS;FPGT;RPL37;RAB2A;PDIA3;WSB2;COG6;EIF1AX;SLC30A5;ALG14;ALG13;ALG11;FBXW2;PIAS2;KCTD7;RAB30;DMTF1;PSME4;XRN2;UBE2V2;TARS2;VDAC1;STAM2;COPB2;VCP;SEH1L;PSMD14;CUL5;SAR1B;PRKDC;TNKS;CUL2;DCUN1D1;BRCC3;BCL10;HSP90B1;VCPIP1;SCFD1;POM121C;ARSK;HLTF;TPR;DPH3;NUP88;SOCS6;SOCS5;SEC31A;NUS1;ZRANB1;SMAD4;GNG12;PHC3;EIF2S1;FBXO30;AIMP1;EIF5;PDCL;CALR;FBXL4;UBE2K;RAB5A;NFE2L2;FBN1;EIF4G1;MCFD2;TRAM1;THRA;MRPS14;USP34;MYSM1;PIGY;CDC73;PIGX;MRPL42;MRPL1;SENP5;MAN1A2;SEC61G;PGM3;GNPNAT1;TMED2;MAN1A1;SEC61B;CCT2;USP47;PARP1;VBP1;COMMD10;ATP6AP2;SSR3;DNMT3A;PRMT3;COMMD2;RAD23A;SMC1A;UCHL5;TGFBR2;PSMA3;TRAPPC6B;ETF1;TOP1;EXOC5;SEC22B;EEF1E1;RAB7A;SP100;MRPS35;USO1;MTIF2;TANK;LMAN1;AP3M1;DCAF16;TNKS2;RNF139;RAB23;LEO1;UGGT2;UGGT1;DCAF13;RANBP2;MBTPS1;USP25;RWDD3;SEC24A;NEGR1;FEM1B;GALNT1;C1GALT1;WARS2;KLHL9;RAB10;SPCS3;SEC23IP;PSMC1;CAPZA1;EIF3J;CAPZA2;MSRB3;EIF3A;NUP37;CUL4B
Reactome_2022,HIV Life Cycle R-HSA-162587,23/149,1.7042275103291605e-05,0.0026867684213222,0,0,2.9932668363869066,32.86551170913343,RANBP2;GTF2A1;CCNT2;SEH1L;TSG101;RNGTT;CCNH;NCBP2;VTA1;VPS4B;VPS37A;GTF2H1;SSRP1;GTF2H3;CDK7;POM121C;ERCC3;TPR;CHMP2B;TCEA1;NUP88;POLR2K;NUP37
GO_Biological_Process_2023,DNA Metabolic Process (GO:0006259),36/288,1.2827343669400158e-05,0.0034035218536141,0,0,2.353596757852077,26.510752521027904,SP100;VCP;PARG;PRKDC;FMR1;XPA;HMGB1;PDS5A;HLTF;NBN;TOPBP1;ZRANB3;UPF1;RRM1;PARP1;RMI1;RFC2;ATRX;RECQL;GTF2H1;NOC3L;GLRX2;GTF2H3;SMC1A;UCHL5;TSN;RAD50;RRM2B;ERCC3;MSH3;PSME4;UBE2V2;ERCC5;MCM6;TOP1;ASF1A
GO_Biological_Process_2023,Organelle Organization (GO:0006996),47/418,1.190956157941912e-05,0.0034035218536141,0,0,2.0942093159623267,23.74449911728764,RB1;ABCD2;TMED10;ATL3;SAR1B;SH3KBP1;UBXN2A;MAPKAP1;VPS4B;PITPNB;PEX11A;FAF2;ARL1;WASL;GABPB1;PKD2;GOLGA2;LMAN1;ARHGAP21;OPA1;ZMYM4;ZMYM6;DYM;TMED2;PDZD8;SEC31A;RAB2A;ZRANB1;DST;COG6;PARP1;CSNK1A1;LARP4;RAB30;SEC23IP;VAPA;VAPB;PEX3;CHMP2B;YME1L1;TRIP11;FAM161B;PI4K2A;GOLGA8A;BLZF1;PPID;RAB7A
Reactome_2022,rRNA Modification In Nucleus And Cytosol R-HSA-6790901,13/60,3.275070989034474e-05,0.0038913798024255,0,0,4.51516719965987,46.62626203080055,UTP15;WDR36;NOP14;KRR1;PNO1;WDR3;SPPL2A;FCF1;DKC1;MPHOSPH10;UTP14A;DCAF13;UTP14C
Reactome_2022,Disease R-HSA-1643685,140/1736,3.960325442541483e-05,0.004313454461168,0,0,1.4768366228070176,14.97010101880313,RB1;CCNT2;ZFYVE9;CCNH;CLSTN1;GCC2;ARID4B;GOLGA2;PPP1CC;C1GALT1C1;FGF7;GOLGA4;PSMD7;CCND2;FNTA;AKT3;CDC27;KPNA4;RPL37;KPNA3;VPS36;PDGFRA;MAP2K4;TPM4;IL1R1;ALG14;ALG13;ALG11;MSH3;TBL1XR1;PSME4;ANAPC4;GEMIN5;UBE2V1;STAM2;IFNAR1;VCP;SLC26A2;TSG101;SEH1L;PSMD14;CUL5;SAR1B;TNKS;MAPKAP1;ITPR2;IQGAP1;PIK3R1;BAG4;RAP1A;POM121C;G3BP1;TPR;G3BP2;NUP88;SEC31A;NUS1;SMAD4;FZD4;VTA1;SLC33A1;ERLIN2;GNG12;CDK7;CHMP2B;TAB2;CALR;FGF13;RAB5A;NFE2L2;ITGB1;YWHAE;NRP1;SH3KBP1;CLTC;CHD4;WASL;HMGB1;ZMYM2;TOPBP1;YWHAG;ACTR3;ACTR2;PARP1;RMI1;NCBP2;IFNGR1;RFC2;ATRX;DNMT3A;PPP2R5A;VPS37A;AP3B1;IRAK4;PPP2R5C;REXO2;GNL3;TGFBR2;PSMA3;SIKE1;PIK3CA;TFDP2;BIRC6;SOS1;RAB7A;GTF2A1;ROCK1;VPS4B;DDX20;HSD17B4;RRBP1;HDAC8;TANK;LRP6;MAPK8;TNKS2;FIP1L1;SAP18;MAP4K5;POLR2K;RANBP2;RRM1;SEC24A;RNGTT;CSNK1A1;GALNT1;C1GALT1;GTF2H1;PTPN11;SSRP1;GTF2H3;REST;RAD50;ERCC3;PSMC1;AGGF1;TCEA1;TRIP11;SUGT1;NUP37
Reactome_2022,RNA Polymerase II Pre-transcription Events R-HSA-674695,15/80,5.0738402571497304e-05,0.0051011609354574,0,0,3.7700341434022895,37.281217263888,GTF2A1;CCNT2;CCNH;NCBP2;GTF2H1;SSRP1;MLLT3;GTF2H3;AFF4;CDC73;CDK7;ERCC3;LEO1;TCEA1;POLR2K
Reactome_2022,HIV Infection R-HSA-162906,29/229,6.82876887629223e-05,0.0063751435152242,0,0,2.3808105726872246,22.836213758568043,GTF2A1;SEH1L;CCNT2;TSG101;CUL5;PSMD14;CCNH;VPS4B;PSMD7;POM121C;TPR;NUP88;POLR2K;RANBP2;RNGTT;NCBP2;VTA1;GTF2H1;VPS37A;SSRP1;GTF2H3;PSMA3;CDK7;ERCC3;PSMC1;PSME4;CHMP2B;TCEA1;NUP37
Reactome_2022,Processing Of Capped Intron-Containing Pre-mRNA R-HSA-72203,30/242,7.662978819028066e-05,0.0064863715473158,0,0,2.324049116501947,22.023908803191123,FYTTD1;SEH1L;DHX9;PDCD7;CSTF3;WBP4;HNRNPU;HNRNPR;RNPC3;POM121C;FIP1L1;TPR;PAPOLA;NUP88;SF3B1;SMNDC1;POLR2K;RANBP2;HNRNPA3;NCBP2;CPSF2;THOC1;CDC5L;CWC15;PLRG1;CDC40;NUDT21;ZC3H11A;RBM22;NUP37
Reactome_2022,Dual Incision In TC-NER R-HSA-6782135,13/65,7.940470142085251e-05,0.0064863715473158,0,0,4.0799304952215465,38.51843196548237,CCNH;RFC2;XPA;GTF2H1;GTF2H3;CDK7;ERCC3;TCEA1;ERCC5;POLK;ZNF830;POLR2K;CUL4B
Reactome_2022,Class I MHC Mediated Antigen Processing And Presentation R-HSA-983169,41/378,9.459471292134828e-05,0.0068686272104556,0,0,2.004114138950617,18.569939181513504,CUL5;PSMD14;SAR1B;RNF14;UBA5;UBE2D3;CUL2;RNF6;UBR1;HMGB1;UBE2J1;PSMD7;HECTD2;SEC61G;RNF19A;CDC27;ITGAV;SEC61B;SEC31A;PDIA3;SEC24A;WWP1;UBE4A;LNPEP;FBXW2;FBXO30;KCTD7;KLHL9;PSMA3;NEDD4;PSMC1;PSME4;UBE2V2;ANAPC4;TPP2;TRIP12;CALR;UBE2V1;SEC22B;FBXL4;UBE2K
Reactome_2022,RHO GTPase Cycle R-HSA-9012999,46/441,9.357869814648172e-05,0.0068686272104556,0,0,1.9208940014945313,17.819572336454492,ITGB1;VCP;TRIO;FAM13B;ROCK1;CLTC;FAF2;TWF1;ARHGAP18;IQGAP1;PIK3R1;WASL;ARHGAP5;OSBPL11;RND3;UACA;RHOBTB1;TOR1AIP1;LMAN1;ARHGAP21;SCFD1;ARHGAP42;DBT;LBR;CCT2;ACBD5;TPM4;DST;NDUFA5;SWAP70;TMOD3;VRK2;FAM91A1;HSPE1;ALDH3A2;DIAPH2;PIK3CA;ALS2;VAPB;VIM;SOS1;SOS2;STAM2;FERMT2;ARHGEF6;RAB7A
Reactome_2022,Asparagine N-linked Glycosylation R-HSA-446203,33/282,0.00010710870887850126,0.0073679517107474,0,0,2.178017108220681,19.91070553027208,COPB2;VCP;MCFD2;SAR1B;USO1;MANEA;GOLGA2;LMAN1;SCFD1;RNF139;MAN1A2;FPGT;PGM3;GNPNAT1;TMED2;MAN1A1;UGGT2;UGGT1;SEC31A;PDIA3;NUS1;SEC24A;COG6;ALG14;ALG13;ALG11;SEC23IP;TRAPPC6B;CAPZA1;PSMC1;CAPZA2;CALR;SEC22B
MSigDB_Hallmark_2020,Androgen Response,15/100,0.0006526573742326205,0.0079950528343496,0,0,2.8798955613577024,21.1224737916375,IDI1;SLC26A2;TNFAIP8;ZBTB10;SORD;ELL2;UBE2J1;LMAN1;SPCS3;APPBP2;VAPA;MAP7;PGM3;DNAJB9;ITGAV
WikiPathway_2023_Human,DNA IR Damage And Cellular Response Via ATR WP4016,16/81,1.4548168976983465e-05,0.0084379380066504,0,0,4.0248726882873225,44.829214794844624,UPF1;SMARCC2;PARP1;RMI1;PRKDC;UBE2D3;RECQL;XPA;BRCC3;SMC1A;RAD50;USP1;RAD1;NBN;TOPBP1;EEF1E1
GO_Biological_Process_2023,Stress Granule Assembly (GO:0034063),8/24,4.085772509005288e-05,0.009292214049052,0,0,8.140138408304498,82.2594738904892,DDX6;TIA1;DDX3X;FMR1;CSDE1;G3BP1;G3BP2;EIF2S1
GO_Biological_Process_2023,Regulation Of Cytoplasmic Translation (GO:2000765),8/24,4.085772509005288e-05,0.009292214049052,0,0,8.140138408304498,82.2594738904892,SYNCRIP;DHX9;FMR1;CSDE1;DHX36;HNRNPU;CPEB2;CPEB4
GO_Biological_Process_2023,Regulation Of Telomere Maintenance (GO:0032204),10/38,4.5343464450507414e-05,0.0096249060540277,0,0,5.820747709829166,58.21472104989052,UPF1;SMG1;RAD50;DHX36;ATRX;YLPM1;SMC5;NBN;HDAC8;GNL3
KEGG_2021_Human,Terpenoid backbone biosynthesis,7/22,0.00017474768559703105,0.0099256685419113,0,0,7.591299337366753,65.68119280996011,IDI1;NUS1;FNTA;PDSS2;PDSS1;ZMPSTE24;PCYOX1
KEGG_2021_Human,Endocytosis,30/252,0.0001595170571403521,0.0099256685419113,0,0,2.218170551503885,19.394263008052768,VPS29;TSG101;ZFYVE9;SH3KBP1;VPS4B;CLTC;ARPC5L;VPS26A;WASL;EEA1;SNX4;SNX2;VPS36;SH3GLB1;ACTR3;PDGFRA;ACTR2;IQSEC1;VTA1;WWP1;VPS37A;TGFBR2;RAB10;CAPZA1;NEDD4;CAPZA2;CHMP2B;STAM2;RAB5A;RAB7A
KEGG_2021_Human,Colorectal cancer,15/86,0.00012009329756069108,0.0099256685419113,0,0,3.4503364836538815,31.14702116893811,RALA;SMAD4;PIK3R1;TGFBR2;MAPK8;PIK3CA;RPS6KB1;MSH3;CASP3;AKT3;KRAS;POLK;SOS1;SOS2;APPL1
KEGG_2021_Human,mRNA surveillance pathway,16/98,0.00016185985947324942,0.0099256685419113,0,0,3.187558426106909,27.823495161546212,HBS1L;UPF1;SMG1;RNGTT;NCBP2;CSTF3;CPSF2;PPP2R5A;PPP2R5C;PPP1CC;DDX19A;NUDT21;FIP1L1;PAPOLA;SAP18;ETF1
KEGG_2021_Human,RNA transport,24/186,0.000210093832732423,0.0099444414160013,0,0,2.4267706302794023,20.5497876582667,RANBP2;UPF1;SEH1L;EIF1AX;NCBP2;FMR1;THOC1;DDX20;TRNT1;EIF2S1;DDX19A;EIF5;POM121C;TPR;EIF3J;GEMIN5;STRAP;SAP18;NUP88;EIF4G3;EIF4G2;EIF3A;EIF4G1;NUP37
GO_Biological_Process_2023,Sphingomyelin Biosynthetic Process (GO:0006686),4/5,5.443686365539195e-05,0.0108329358674229,0,0,64.94827586206897,637.6926326922903,SAMD8;SGMS1;VAPA;SGMS2
Reactome_2022,mRNA Capping R-HSA-72086,8/29,0.0001837642626312328,0.012008994562951,0,0,6.200362497940352,53.33463033472934,CDK7;RNGTT;ERCC3;CCNH;NCBP2;GTF2H1;GTF2H3;POLR2K
Reactome_2022,Infectious Disease R-HSA-5663205,83/961,0.0001942618357385096,0.0120904866338205,0,0,1.5704201163606633,13.421287156986397,ITGB1;YWHAE;RB1;NRP1;CCNT2;CCNH;SH3KBP1;CLTC;CHD4;ARID4B;WASL;PSMD7;FNTA;AKT3;KPNA4;RPL37;KPNA3;VPS36;YWHAG;ACTR3;ACTR2;MAP2K4;PARP1;NCBP2;IFNGR1;IL1R1;VPS37A;REXO2;GNL3;PSMA3;SIKE1;TBL1XR1;PSME4;GEMIN5;UBE2V1;SOS1;STAM2;IFNAR1;RAB7A;GTF2A1;VCP;TSG101;SEH1L;ROCK1;PSMD14;CUL5;SAR1B;VPS4B;DDX20;HSD17B4;ITPR2;MAPK8;POM121C;G3BP1;TPR;G3BP2;SAP18;NUP88;POLR2K;RANBP2;RRM1;SEC24A;RNGTT;CSNK1A1;VTA1;GALNT1;GTF2H1;PTPN11;SSRP1;GTF2H3;GNG12;REST;CDK7;ERCC3;PSMC1;CHMP2B;TCEA1;TAB2;CALR;SUGT1;RAB5A;NFE2L2;NUP37
Reactome_2022,Formation Of HIV Elongation Complex In Absence Of HIV Tat R-HSA-167152,10/45,0.0002110180573547654,0.0122822106210815,0,0,4.6548650656102994,39.39676165246741,CDK7;CCNT2;ERCC3;CCNH;NCBP2;TCEA1;GTF2H1;SSRP1;GTF2H3;POLR2K
Reactome_2022,M Phase R-HSA-68886,40/380,0.0002161368357191084,0.0122822106210815,0,0,1.9359430604982208,16.338582831220407,RB1;YWHAE;SEH1L;PSMD14;USO1;SMC3;PDS5A;HDAC8;SMC4;GOLGA2;PPP1CC;PCM1;PSMD7;POM121C;CDC27;ENSA;TPR;NUP88;TNPO1;CEP290;LBR;YWHAG;RANBP2;RAB2A;PPP2R5A;VRK1;VRK2;PPP2R5C;SMC1A;HAUS2;PSMA3;CLIP1;PSMC1;TAOK1;PSME4;CHMP2B;ANAPC4;CEP63;BLZF1;NUP37
Reactome_2022,RNA Polymerase I Transcription Termination R-HSA-73863,8/30,0.00023789655467948924,0.0124372318786436,0,0,5.918213274614659,49.379645912796335,TAF1D;CDK7;TAF1B;ERCC3;CCNH;GTF2H1;GTF2H3;POLR2K
Reactome_2022,SARS-CoV Infections R-HSA-9679506,39/369,0.0002372259135552608,0.0124372318786436,0,0,1.9440646464646465,16.22613100142403,RB1;ITGB1;YWHAE;NRP1;VCP;SEH1L;ROCK1;SAR1B;SH3KBP1;DDX20;ARID4B;CHD4;POM121C;FNTA;AKT3;G3BP1;TPR;G3BP2;SAP18;NUP88;YWHAG;RANBP2;SEC24A;IL1R1;IFNGR1;CSNK1A1;GALNT1;PTPN11;REXO2;SIKE1;REST;CHMP2B;GEMIN5;TAB2;UBE2V1;SOS1;IFNAR1;NFE2L2;NUP37
KEGG_2021_Human,Nucleotide excision repair,10/47,0.00030808983601088714,0.0124996447752988,0,0,4.402782331725139,35.59701970899328,CDK7;ERCC3;CCNH;RFC2;XPA;GTF2H1;RAD23A;ERCC5;GTF2H3;CUL4B
GO_Biological_Process_2023,rRNA Processing (GO:0006364),17/101,6.907721984832575e-05,0.012937756941004,0,0,3.3086727280275667,31.69802952893832,UTP15;NOP14;WDR36;PRKDC;DIS3;WDR3;MAK16;NOL8;EBNA1BP2;DKC1;ERI1;NEDD4;XRN2;SBDS;MPHOSPH10;SRFBP1;DCAF13
GO_Biological_Process_2023,Endomembrane System Organization (GO:0010256),26/196,7.351166914942734e-05,0.0130033974762098,0,0,2.508611599297012,23.877131774946072,TMED10;ATL3;UBXN2A;ARL1;GOLGA2;LMAN1;ARHGAP21;DYM;TMED2;SEC31A;RAB2A;COG6;CSNK1A1;PLEKHA3;DNAJC13;SEC23IP;RAB30;ALS2;VAPA;VAPB;REEP3;CHMP2B;TRIP11;BLZF1;PI4K2A;GOLGA8A
Reactome_2022,Antiviral Mechanism By IFN-stimulated Genes R-HSA-1169410,14/83,0.00028800779813479725,0.0144779304677761,0,0,3.3111279143037176,26.99404648173326,RANBP2;SEH1L;GNL3;POM121C;NEDD4;TPR;KPNA4;NUP88;ABCE1;KPNA3;EIF4G3;EIF4G2;EIF4G1;NUP37
GO_Biological_Process_2023,Ribosome Biogenesis (GO:0042254),22/155,9.452319803110648e-05,0.0158400980279496,0,0,2.7090449416009377,25.10381268002376,LTV1;UTP15;NOP14;WDR36;PNO1;DIS3;KRR1;WDR3;NIP7;FCF1;NOL7;NOL8;RPF2;EIF2S1;EBNA1BP2;DKC1;XRN2;SBDS;MPHOSPH10;DHX29;DCAF13;CUL4B
Reactome_2022,SUMOylation Of DNA Damage Response And Repair Proteins R-HSA-3108214,13/76,0.00040789450850009046,0.016319153324422,0,0,3.36558961841325,26.26675082256483,RANBP2;SP100;SEH1L;PARP1;SMC5;SMC3;SMC1A;PHC3;PIAS2;POM121C;TPR;NUP88;NUP37
Reactome_2022,COPII-mediated Vesicle Transport R-HSA-204005,12/66,0.0003780883416515456,0.016319153324422,0,0,3.623070987654321,28.55118586523624,GOLGA2;LMAN1;MCFD2;SCFD1;SEC23IP;SEC24A;TRAPPC6B;SAR1B;USO1;TMED2;SEC22B;SEC31A
Reactome_2022,Signaling By Rho GTPases R-HSA-194315,59/644,0.0003772841688278267,0.016319153324422,0,0,1.6657910817186836,13.13061800954302,ITGB1;YWHAE;TRIO;FAM13B;CLTC;FAF2;WASL;ARHGAP5;OSBPL11;RND3;PPP1CC;ARHGAP42;DBT;LBR;YWHAG;ACTR3;ACTR2;CCT2;TPM4;DST;SWAP70;TMOD3;PPP2R5A;VRK2;PPP2R5C;FAM91A1;REXO2;ALDH3A2;CLIP1;PIK3CA;ALS2;SOS1;SOS2;STAM2;ARHGEF6;RAB7A;VCP;SEH1L;ROCK1;TWF1;ARHGAP18;IQGAP1;PIK3R1;UACA;RHOBTB1;TOR1AIP1;LMAN1;ARHGAP21;SCFD1;RANBP2;ACBD5;NDUFA5;HSPE1;DIAPH2;VAPB;TAOK1;VIM;FERMT2;NUP37
Reactome_2022,Intra-Golgi And Retrograde Golgi-to-ER Traffic R-HSA-6811442,23/181,0.00035260875664121813,0.016319153324422,0,0,2.382952994819113,18.944837216142915,COPB2;SCOC;TMF1;COG6;GALNT1;GOLIM4;PLA2G4A;GCC2;BICD2;RINT1;GOLGA4;RAB30;MAN1A2;CAPZA1;CAPZA2;TMED2;NAA35;TRIP11;KIF21A;MAN1A1;NAA38;SEC22B;VAMP4
Reactome_2022,"Cell Cycle, Mitotic R-HSA-69278",50/523,0.0003946744795840133,0.016319153324422,0,0,1.742478013823678,13.656582976692563,RB1;YWHAE;CCNH;SMC3;SMC4;GOLGA2;PPP1CC;PCM1;PSMD7;CCND2;AKT3;ENSA;CDC27;TNPO1;CEP290;LBR;YWHAG;RAB2A;ESCO1;RFC2;PPP2R5A;VRK1;VRK2;PPP2R5C;SMC1A;HAUS2;PSMA3;CLIP1;DBF4;TFDP2;PSME4;ANAPC4;CEP63;MCM6;BLZF1;SEH1L;PSMD14;USO1;HDAC8;PDS5A;POM121C;TPR;NUP88;RANBP2;CDK11A;CDK7;PSMC1;TAOK1;CHMP2B;NUP37
Reactome_2022,ISG15 Antiviral Mechanism R-HSA-1169408,13/75,0.000356832237623894,0.016319153324422,0,0,3.4200554917182813,27.149237754496767,RANBP2;SEH1L;GNL3;POM121C;NEDD4;TPR;KPNA4;NUP88;KPNA3;EIF4G3;EIF4G2;EIF4G1;NUP37
Reactome_2022,"Signaling By Rho GTPases, Miro GTPases And RHOBTB3 R-HSA-9716542",60/660,0.0004120367710068295,0.016319153324422,0,0,1.6518115942028986,12.87487692442228,ITGB1;YWHAE;TRIO;FAM13B;CLTC;FAF2;WASL;ARHGAP5;OSBPL11;RND3;PPP1CC;ARHGAP42;DBT;LBR;YWHAG;ACTR3;ACTR2;CCT2;TPM4;DST;SWAP70;TMOD3;PPP2R5A;VRK2;PPP2R5C;FAM91A1;REXO2;ALDH3A2;CLIP1;PIK3CA;ALS2;SOS1;SOS2;STAM2;ARHGEF6;RAB7A;VCP;SEH1L;ROCK1;TWF1;ARHGAP18;IQGAP1;PIK3R1;UACA;RHOBTB1;TOR1AIP1;TRAK2;LMAN1;ARHGAP21;SCFD1;RANBP2;ACBD5;NDUFA5;HSPE1;DIAPH2;VAPB;TAOK1;VIM;FERMT2;NUP37
Reactome_2022,Dual Incision In GG-NER R-HSA-5696400,9/41,0.000479278492444594,0.0174004719340301,0,0,4.578896103896104,34.9975502330755,PARP1;ERCC3;RFC2;XPA;GTF2H1;ERCC5;POLK;GTF2H3;CUL4B
Reactome_2022,Transcription-Coupled Nucleotide Excision Repair (TC-NER) R-HSA-6781827,13/77,0.00046502806701245855,0.0174004719340301,0,0,3.312825803649001,25.420679909432017,CCNH;RFC2;XPA;GTF2H1;GTF2H3;CDK7;ERCC3;TCEA1;ERCC5;POLK;ZNF830;POLR2K;CUL4B
Reactome_2022,Programmed Cell Death R-HSA-5357801,25/208,0.00046969830378577226,0.0174004719340301,0,0,2.237246746019181,17.144961405152767,YWHAE;PSMD14;ROCK1;HMGB1;TANK;UACA;ADD1;SDCBP;MAPK8;PSMD7;FNTA;CASP6;CASP3;AKT3;YWHAG;APPL1;RRM1;REXO2;GNL3;PSMA3;TFDP2;PSMC1;PSME4;CHMP2B;VIM
Reactome_2022,Nucleotide Excision Repair R-HSA-5696398,16/108,0.0005038876946710582,0.0177994923495965,0,0,2.839569762157249,21.561299421879337,PARP1;CCNH;RFC2;XPA;RAD23A;GTF2H1;GTF2H3;CDK7;ERCC3;UBE2V2;TCEA1;ERCC5;POLK;ZNF830;POLR2K;CUL4B
Reactome_2022,Cell Cycle R-HSA-1640170,59/654,0.0005558444970725534,0.0180138613677809,0,0,1.636897220426632,12.268580653228916,RB1;YWHAE;CCNH;SMC3;SMC4;GOLGA2;PPP1CC;PCM1;PSMD7;CCND2;AKT3;ENSA;CDC27;TOPBP1;TNPO1;CEP290;LBR;YWHAG;RAB2A;ESCO1;RMI1;RFC2;ATRX;PPP2R5A;VRK1;VRK2;PPP2R5C;REXO2;SMC1A;HAUS2;PSMA3;CLIP1;DBF4;TFDP2;DKC1;PSME4;UBE2V2;ANAPC4;CEP63;MCM6;BLZF1;SEH1L;PSMD14;USO1;BRCC3;HDAC8;PDS5A;POM121C;TPR;NUP88;POLR2K;RANBP2;CDK11A;CDK7;RAD50;PSMC1;TAOK1;CHMP2B;NUP37
Reactome_2022,Transport Of Mature mRNA Derived From An Intronless Transcript R-HSA-159231,9/42,0.0005788693017955623,0.0180138613677809,0,0,4.4399055489964585,33.09698215661474,RANBP2;SEH1L;FIP1L1;POM121C;NCBP2;TPR;CPSF2;NUP88;NUP37
Reactome_2022,NS1 Mediated Effects On Host Pathways R-HSA-168276,9/42,0.0005788693017955623,0.0180138613677809,0,0,4.4399055489964585,33.09698215661474,RANBP2;SEH1L;POM121C;TPR;KPNA4;NUP88;KPNA3;GNL3;NUP37
Reactome_2022,Transcription Of HIV Genome R-HSA-167172,12/69,0.0005765500729419812,0.0180138613677809,0,0,3.4318347953216373,25.59616261891494,GTF2A1;CDK7;CCNT2;RNGTT;ERCC3;CCNH;NCBP2;TCEA1;GTF2H1;SSRP1;GTF2H3;POLR2K
Reactome_2022,Signaling By PDGFR In Disease R-HSA-9671555,6/19,0.000539723804734046,0.0180138613677809,0,0,7.502192108409725,56.44989208150407,PDGFRA;GOLGA4;FIP1L1;PIK3CA;PIK3R1;SOS1
Reactome_2022,Unfolded Protein Response (UPR) R-HSA-381119,14/89,0.0006008635298435268,0.0182634565931509,0,0,3.0452637681159422,22.587155991271818,MBTPS1;FKBP14;DIS3;CEBPG;PARN;EIF2S1;ADD1;HSP90B1;EXTL2;DNAJB9;HDGF;CALR;ATF6;SEC31A
WikiPathway_2023_Human,DNA Repair Pathways Full Network WP4946,19/120,6.304464102959474e-05,0.0182829458985824,0,0,3.078083790911842,29.77020294662099,PARP1;CCNH;PRKDC;RFC2;XPA;RAD23A;GTF2H1;HMGB1;GTF2H3;CDK7;RAD50;RAP1A;ERCC3;MSH3;USP1;ERCC5;NBN;POLK;CUL4B
MSigDB_Hallmark_2020,Pperoxisome,14/104,0.0027909222452267,0.0189979581253537,0,0,2.5356908212560385,14.913369355768296,IDI1;ABCD2;PEX11A;VPS4B;HSD17B4;ACSL4;BCL10;SOD2;CDK7;STS;SCP2;ERCC3;EHHADH;CAT
MSigDB_Hallmark_2020,PI3K/AKT/mTOR  Signaling,14/105,0.0030520239078649,0.0189979581253537,0,0,2.5076923076923077,14.52442929430066,ATF1;ACTR3;ACTR2;PLA2G12A;CAB39;MAPKAP1;UBE2D3;CLTC;ITPR2;PTPN11;IRAK4;HSP90B1;MAPK8;CALR
MSigDB_Hallmark_2020,Adipogenesis,22/200,0.0031017074490373,0.0189979581253537,0,0,2.019303803695468,11.663100016421962,RTN3;PPP1R15B;NDUFA5;ANGPT1;FZD4;IFNGR1;LAMA4;TANK;ADIPOR2;ARL4A;SCP2;GPD2;DBT;CAT;G3BP2;UBQLN1;DNAJB9;SUCLG1;PLIN2;ACADM;YWHAG;IDH3A
MSigDB_Hallmark_2020,E2F Targets,22/200,0.0031017074490373,0.0189979581253537,0,0,2.019303803695468,11.663100016421962,PRKDC;RFC2;DEK;SSRP1;SMC3;SMC1A;SMC4;PAICS;IPO7;EIF2S1;SYNCRIP;NUDT21;STAG1;ILF3;RAD50;USP1;RAD1;NAA38;NBN;MCM6;LBR;ASF1A
Reactome_2022,RNA Pol II CTD Phosphorylation And Interaction With CE R-HSA-77075,7/27,0.0007044989534210258,0.0191687651426654,0,0,5.691961970613656,41.312394951594314,CDK7;RNGTT;ERCC3;CCNH;GTF2H1;GTF2H3;POLR2K
Reactome_2022,RHOD GTPase Cycle R-HSA-9013405,10/52,0.0007227264089560155,0.0191687651426654,0,0,3.877609969464389,28.04473584727444,ARHGAP21;LMAN1;DIAPH2;VAPB;VRK2;PIK3R1;ARHGAP5;LBR;TOR1AIP1;RAB7A
Reactome_2022,Formation Of HIV-1 Elongation Complex Containing HIV-1 Tat R-HSA-167200,9/43,0.0006947737923328648,0.0191687651426654,0,0,4.3090909090909095,31.33538265157721,CDK7;ERCC3;CCNH;NCBP2;TCEA1;GTF2H1;SSRP1;GTF2H3;POLR2K
Reactome_2022,Class I Peroxisomal Membrane Protein Import R-HSA-9603798,6/20,0.0007333115968885009,0.0191687651426654,0,0,6.965951147298298,50.2798163676174,ATAD1;ALDH3A2;ABCD2;ACBD5;PEX3;PXMP4
Reactome_2022,Processing Of Intronless Pre-mRNAs R-HSA-77595,6/20,0.0007333115968885009,0.0191687651426654,0,0,6.965951147298298,50.2798163676174,NUDT21;FIP1L1;NCBP2;CSTF3;CPSF2;PAPOLA
Reactome_2022,Formation Of TC-NER Pre-Incision Complex R-HSA-6781823,10/52,0.0007227264089560155,0.0191687651426654,0,0,3.877609969464389,28.04473584727444,CDK7;ERCC3;CCNH;XPA;TCEA1;GTF2H1;ZNF830;GTF2H3;POLR2K;CUL4B
Reactome_2022,Transport Of Mature mRNAs Derived From Intronless Transcripts R-HSA-159234,9/43,0.0006947737923328648,0.0191687651426654,0,0,4.3090909090909095,31.33538265157721,RANBP2;SEH1L;FIP1L1;POM121C;NCBP2;TPR;CPSF2;NUP88;NUP37
WikiPathway_2023_Human,VEGFA VEGFR2 Signaling WP3888,45/430,0.0001028890957925126,0.0198918918532191,0,0,1.9272657637268895,17.695882285517165,ITGB1;YWHAE;ATF2;PRKAA1;ROCK1;USP10;MAPKAP1;CLTC;ARPC5L;IQGAP1;PIK3R1;HMGB1;ETS1;GIGYF2;EEA1;LMAN1;SDCBP;LDHA;MAPK8;RAP1A;DHX36;DNAJB9;ITGAV;ACP1;ZC3H15;ACOT9;MAP2K4;TMOD3;SSR3;LARP7;PLA2G4A;PDE4DIP;PTPN11;SOD2;PIK3CA;RPS6KB1;EWSR1;MAPKAPK2;TFAM;DHX29;CALR;ATF6;RAB5A;EIF4G2;EIF4G1
GO_Biological_Process_2023,Protein Localization To Organelle (GO:0033365),20/137,0.00013080488171250505,0.0205383123011139,0,0,2.7970533739764507,25.010702481726707,YWHAE;TIA1;TRAM1;PRKAA1;DDX3X;TMEM30A;DHX9;DDX1;CCDC47;ARL1;XPA;GCC2;TOR1AIP1;BICD2;IFT20;VAPA;CALR;ATP6V1D;BBS4;CNTLN
GO_Biological_Process_2023,Transcription By RNA Polymerase II (GO:0006366),25/192,0.00013545997434779948,0.0205383123011139,0,0,2.453696645339698,21.854669573898505,GTF2A1;SETD2;CCNT2;NFIX;THRA;CCNH;CDC73;SNAPC1;HLTF;LEO1;RPRD1A;POLR2K;ZNF141;ANXA2;PARP1;NCBP2;GTF2H1;DEK;GTF2H3;ELL2;CDK7;ERCC3;XRN2;TCEA1;TRIP11
GO_Biological_Process_2023,Negative Regulation Of Translation (GO:0017148),17/107,0.00014430230824791034,0.0208844795209702,0,0,3.0871064613000097,27.301134997942157,DDX6;TIA1;DDX3X;ROCK1;FMR1;EIF2AK4;GIGYF2;SYNCRIP;ILF3;RNF139;DHX36;TPR;SERBP1;CALR;CPEB2;CPEB4;EIF4G1
Reactome_2022,Sphingolipid De Novo Biosynthesis R-HSA-1660661,9/44,0.0008289297410575116,0.0212433563051405,0,0,4.185751391465677,29.699476439979524,ALDH3A2;SAMD8;SGMS1;VAPA;PRKD3;VAPB;ORMDL2;ACER3;SGMS2
Reactome_2022,Global Genome Nucleotide Excision Repair (GG-NER) R-HSA-5696399,13/82,0.0008628843924442943,0.0216882673254748,0,0,3.0719475188556893,21.673295789478733,PARP1;CCNH;RFC2;XPA;RAD23A;GTF2H1;GTF2H3;CDK7;ERCC3;UBE2V2;ERCC5;POLK;CUL4B
Reactome_2022,Transport Of Mature Transcript To Cytoplasm R-HSA-72202,13/83,0.0009696475116556692,0.0239118735421501,0,0,3.027901203922055,21.009328505768423,FYTTD1;RANBP2;SEH1L;NCBP2;CPSF2;THOC1;CDC40;FIP1L1;POM121C;ZC3H11A;TPR;NUP88;NUP37
WikiPathway_2023_Human,Nucleotide Excision Repair WP4753,10/44,0.00017305820959412962,0.0250934403911487,0,0,4.7920277296360485,41.50798136286969,CDK7;ERCC3;CCNH;RFC2;XPA;GTF2H1;RAD23A;ERCC5;GTF2H3;CUL4B
Reactome_2022,RNA Polymerase I Transcription Initiation R-HSA-73762,9/46,0.0011604131461405,0.025706101389927,0,0,3.959073359073359,26.75929439343196,TAF1D;CDK7;TAF1B;ERCC3;CCNH;CHD4;GTF2H1;GTF2H3;POLR2K
Reactome_2022,Gap-filling DNA Repair Synthesis And Ligation In TC-NER R-HSA-6782210,11/64,0.0010691489925083,0.025706101389927,0,0,3.381056800144005,23.129445365925985,CDK7;ERCC3;CCNH;RFC2;TCEA1;GTF2H1;POLK;ZNF830;GTF2H3;POLR2K;CUL4B
Reactome_2022,RHOG GTPase Cycle R-HSA-9013408,12/74,0.0010987010755349,0.025706101389927,0,0,3.154233870967742,21.4917719236321,ITGB1;ARHGAP21;LMAN1;TRIO;NDUFA5;VAPB;VRK2;PIK3R1;ARHGAP5;HSPE1;LBR;RAB7A
Reactome_2022,Epigenetic Regulation Of Gene Expression R-HSA-212165,16/116,0.0011135174061401,0.025706101389927,0,0,2.6112891986062716,17.757370905914808,CCNH;DNMT3A;ARID4B;CHD4;GTF2H1;DEK;BAZ1B;GTF2H3;CDK7;TAF1D;AEBP2;TAF1B;ERCC3;SAP18;SF3B1;POLR2K
Reactome_2022,Signaling By ALK Fusions And Activated Point Mutants R-HSA-9725370,10/55,0.0011407679266077,0.025706101389927,0,0,3.618524937415752,24.519319013989428,RANBP2;TPM4;PIK3CA;CLTC;TPR;GCC2;BIRC6;RRBP1;PIK3R1;SEC31A
Reactome_2022,Gene Expression (Transcription) R-HSA-74160,112/1449,0.0011458215944567,0.025706101389927,0,0,1.3934266318953676,9.4357742506907,RB1;CCNT2;CRCP;CCNH;UBE2D3;EHMT1;RORA;ARID4B;PSMD7;CCND2;ZNF606;AKT3;CDC27;PAPOLA;ZNF565;PRKAB2;SMARCC2;THOC1;CDC40;ZNF718;ZNF92;TBL1XR1;ZC3H11A;PSME4;ANAPC4;TFAM;ZNF791;SEH1L;ZNF790;PSMD14;MAPKAP1;CSTF3;RPAP2;POM121C;TPR;ZNF549;ZNF669;NUP88;RPRD1A;ZKSCAN1;ZNF660;SMAD4;ZNF383;INTS2;CPSF2;ELL2;PHC3;CDK7;ZNF37A;INTS7;ZNF655;ZNF138;YWHAE;THRA;CHD4;AFF4;CDC73;SNAPC1;CASP6;TOPBP1;LBR;ZNF641;YWHAG;PARP1;RMI1;ZNF480;NCBP2;RFC2;TCF12;DNMT3A;PPP2R5C;BAZ1B;REXO2;TSN;PSMA3;RRM2B;AEBP2;TFDP2;BDP1;FYTTD1;GTF2A1;PRKAA1;NFIX;ZNF195;MLLT3;HDAC8;NR2C2;HSPD1;TAF1D;TAF1B;FIP1L1;LEO1;SAP18;SF3B1;POLR2K;RANBP2;RNGTT;WWP1;GTF2H1;PTPN11;SSRP1;DEK;GTF2H3;ZNF33A;NUDT21;RAD50;GNPDA1;ERCC3;PSMC1;TCEA1;RNF141;NUP37
GO_Biological_Process_2023,DNA Repair (GO:0006281),33/291,0.0001942357911109952,0.0268889895172786,0,0,2.1010219398350913,17.95625315468689,SETD2;VCP;PRKDC;FMR1;DDX1;XPA;PDS5A;VCPIP1;HLTF;NBN;TOPBP1;ZRANB3;UPF1;USP47;RRM1;PARP1;RFC2;ATRX;RECQL;GTF2H1;RAD23A;GTF2H3;SMC1A;RAD50;RRM2B;ERCC3;MSH3;PSME4;UBE2V2;ERCC5;UBE2V1;ASF1A;CUL4B
WikiPathway_2023_Human,IL 1 Signaling Pathway WP195,11/54,0.00023430035319123977,0.0271788409701838,0,0,4.169567760543779,34.853027910644585,MAP3K2;ATF2;MAP2K4;MAPK8;IL1R1;MAPKAPK2;PTPN11;TAB2;IRAK4;UBE2V1;PIK3R1
Reactome_2022,Nephrin Family Interactions R-HSA-373753,6/22,0.0012771159836926,0.0278198431781042,0,0,6.094559585492228,40.60897007092139,PIK3CA;MAGI2;CASK;IQGAP1;PIK3R1;WASL
GO_Biological_Process_2023,Regulation Of mRNA 3'-End Processing (GO:0031440),5/11,0.0002276065795758808,0.0281423840998644,0,0,13.538970376761576,113.56342060236253,NCBP2;DHX36;LEO1;PAPOLA;CDC73
GO_Biological_Process_2023,Regulation Of Protein K63-linked Ubiquitination (GO:1900044),5/11,0.0002276065795758808,0.0281423840998644,0,0,13.538970376761576,113.56342060236253,DDX3X;UBE2V2;PLAA;CEP63;UBE2V1
GO_Biological_Process_2023,DNA Geometric Change (GO:0032392),8/30,0.00023789655467948924,0.0281423840998644,0,0,5.918213274614659,49.379645912796335,ZRANB3;UPF1;RAD50;DHX9;DDX1;DHX36;HMGB1;NBN
GO_Biological_Process_2023,Cell-Cell Signaling By Wnt (GO:0198738),7/23,0.00023864458878653912,0.0281423840998644,0,0,7.116464995678479,59.35512671799167,DDX3X;CSNK1A1;FZD4;USP34;PKD2;FERMT2;LRP6
GO_Biological_Process_2023,RNA 3'-End Processing (GO:0031123),9/38,0.0002609973581906734,0.0287443250738506,0,0,5.053381101656964,41.695448847159675,NUDT21;PNPT1;NCBP2;CSTF3;INTS2;PAPOLA;INTS7;RPRD1A;TRNT1
GO_Biological_Process_2023,Ubiquitin-Dependent ERAD Pathway (GO:0030433),13/73,0.00027083220861040194,0.0287443250738506,0,0,3.5344338256588475,29.03187862408055,VCP;FAF2;UBE4A;ERLIN2;HSP90B1;UBE2J1;UBXN8;UBQLN1;DNAJB9;MAN1A1;SEC61B;CALR;UBXN4
GO_Biological_Process_2023,DNA Damage Response (GO:0006974),40/384,0.00026851647519808813,0.0287443250738506,0,0,1.9130182901597288,15.729980913287172,ATF2;SMG1;VCP;USP16;PRKDC;USP10;FMR1;XPA;SMC5;PDS5A;TANK;VCPIP1;BCLAF1;HLTF;TOPBP1;ZRANB3;UPF1;USP47;RRM1;PARP1;NEK4;RFC2;ATRX;RECQL;GTF2H1;VRK1;BAZ1B;GTF2H3;SMC1A;RAD50;RRM2B;ERCC3;MSH3;TAOK1;PSME4;MAPKAPK2;TRIP12;CEP63;ASF1A;CUL4B
Reactome_2022,Endosomal Sorting Complex Required For Transport (ESCRT) R-HSA-917729,7/30,0.0013860537766105,0.0296979063283609,0,0,4.948743001014618,32.569135485955336,TSG101;VPS4B;VTA1;CHMP2B;VPS37A;VPS36;STAM2
Reactome_2022,Neddylation R-HSA-8951664,26/237,0.0014359652681858,0.030271074282564,0,0,2.01671678091605,13.201262667316676,VCP;CUL5;PSMD14;UBE2D3;CUL2;DCUN1D1;DCAF8;DCAF16;PSMD7;SOCS6;DCAF13;SOCS5;WSB2;FEM1B;COMMD10;COMMD2;FBXW2;FBXO30;KCTD7;KLHL9;PSMA3;PSMC1;PSME4;FBXL4;NFE2L2;CUL4B
KEGG_2021_Human,Peroxisome,13/82,0.0008628843924442943,0.0306323959317724,0,0,3.0719475188556893,21.673295789478733,ABCD2;PEX11A;HSD17B4;ACSL4;CROT;SOD2;SCP2;PEX3;EHHADH;AGPS;CAT;PXMP4;NUDT12
Reactome_2022,RAC2 GTPase Cycle R-HSA-9013404,13/87,0.0015136105934429,0.0314014134226966,0,0,2.8636203536290417,18.594223939887435,ITGB1;TRIO;SWAP70;VRK2;IQGAP1;PIK3R1;ARHGAP21;LMAN1;ARHGAP42;PIK3CA;VAPB;LBR;RAB7A
WikiPathway_2023_Human,mRNA Processing WP411,18/125,0.00033065109541091935,0.0319629392230555,0,0,2.749278269804766,22.03394451682956,TMED10;RNGTT;PRMT2;DHX9;NCBP2;DDX1;CSTF3;CPSF2;DDX20;HNRNPU;HNRNPR;SMC1A;CLK4;CDC40;NUDT21;XRN2;PAPOLA;SF3B1
MSigDB_Hallmark_2020,Unfolded Protein Response,14/113,0.0059433662933252,0.032358327596993,0,0,2.304066754501537,11.809447124385152,NOP14;FKBP14;SLC30A5;CEBPG;PARN;EIF2S1;HSP90B1;SPCS3;DKC1;DNAJB9;CALR;ATF6;SEC31A;EIF4G1
GO_Biological_Process_2023,Response To Endoplasmic Reticulum Stress (GO:0034976),17/114,0.0003151043696983911,0.0323642681651508,0,0,2.8632560062556736,23.085306892756183,PDIA3;PPP1R15B;MBTPS1;VCP;UBA5;CCDC47;TMTC3;ATP2A2;PIK3R1;EIF2S1;HSP90B1;UFM1;RNF139;TMX1;UBQLN1;DNAJB9;ATF6
Reactome_2022,Apoptosis R-HSA-109581,21/178,0.0016270665626794,0.0332277499597188,0,0,2.1858836116822977,14.035507390406728,YWHAE;PSMD14;ROCK1;HMGB1;REXO2;TANK;UACA;ADD1;PSMA3;MAPK8;PSMD7;FNTA;TFDP2;CASP6;CASP3;PSMC1;AKT3;PSME4;VIM;YWHAG;APPL1
GO_Biological_Process_2023,Protein Localization To Cytoplasmic Stress Granule (GO:1903608),4/7,0.0003466155895892545,0.0344882511641308,0,0,21.64712643678161,172.46902497301335,TIA1;DDX3X;DHX9;DDX1
Reactome_2022,mRNA 3-End Processing R-HSA-72187,10/58,0.0017379929976792,0.0349470284302575,0,0,3.391825534373195,21.555133628197726,FYTTD1;NUDT21;FIP1L1;NCBP2;ZC3H11A;CSTF3;CPSF2;PAPOLA;THOC1;CDC40
Reactome_2022,N-glycan Trimming And Elongation In cis-Golgi R-HSA-964739,3/5,0.0017992622099857,0.0356308440674451,0,0,24.333333333333332,153.79587881519583,MAN1A2;MAN1A1;MANEA
GO_Biological_Process_2023,Cytosolic Transport (GO:0016482),18/127,0.00040280560588542777,0.038864637852703,0,0,2.6985445986838945,21.09467554150636,SPAG9;VPS29;MON2;CLTC;ARL1;GCC2;VPS26A;PLEKHA3;CLN5;EEA1;CCDC91;SNX2;HEATR5A;SNX16;TBC1D23;EVI5;RAB5A;RAB7A
WikiPathway_2023_Human,IL 24 Signaling Pathway WP5413,27/232,0.00047604464084436175,0.0394436988128185,0,0,2.158169766394234,16.509996392546192,RB1;ATF2;PRKAA1;PIK3R1;HSP90B1;MAPK8;CASP3;AP3S1;SF3B1;ATG5;MAP3K2;PDIA3;PDGFRA;MME;PARP1;ANXA5;SOD2;HSPE1;EIF2S1;TMBIM4;PIK3CA;RPS6KB1;MAPKAPK2;EEF1E1;CD200;NFE2L2;EIF4G1
Reactome_2022,Defective TPR May Confer Susceptibility Towards Thyroid Papillary Carcinoma (TPC) R-HSA-5619107,7/32,0.0020700605729602,0.0397877818949859,0,0,4.552359550561798,28.134389655821145,RANBP2;SEH1L;POM121C;TPR;NUP88;MAP4K5;NUP37
Reactome_2022,Antigen Processing: Ubiquitination And Proteasome Degradation R-HSA-983168,31/307,0.0020461159164141,0.0397877818949859,0,0,1.8399273443595945,11.392484132507294,CUL5;PSMD14;RNF14;UBA5;UBE2D3;CUL2;RNF6;UBR1;UBE2J1;PSMD7;HECTD2;RNF19A;CDC27;WWP1;UBE4A;LNPEP;FBXW2;FBXO30;KCTD7;KLHL9;PSMA3;NEDD4;PSMC1;PSME4;UBE2V2;ANAPC4;TPP2;TRIP12;UBE2V1;FBXL4;UBE2K
Reactome_2022,Mitotic Prophase R-HSA-68875,15/112,0.0021130293124963,0.0400250624845317,0,0,2.522004791257302,15.534623101055663,RB1;RAB2A;RANBP2;SEH1L;USO1;VRK1;VRK2;SMC4;GOLGA2;POM121C;TPR;ENSA;NUP88;BLZF1;NUP37
Reactome_2022,Intraflagellar Transport R-HSA-5620924,8/41,0.0021987801057719,0.0410543656891996,0,0,3.9431687113348017,24.13161117115716,DYNC2LI1;IFT20;IFT74;TRAF3IP1;TRIP11;IFT80;IFT57;TNPO1
KEGG_2021_Human,Pancreatic cancer,12/76,0.0013960319190542,0.0415510356639114,0,0,3.0553385416666665,20.08616652233674,RB1;RALA;MAPK8;SMAD4;PIK3CA;RPS6KB1;AKT3;KRAS;POLK;PIK3R1;TGFBR2;ARHGEF6
KEGG_2021_Human,Ribosome biogenesis in eukaryotes,15/108,0.0014630646360532,0.0415510356639114,0,0,2.6310396136893233,17.17337958996866,UTP15;WDR36;WDR3;FCF1;GNL2;REXO2;GNL3;LSG1;XRN1;DKC1;XRN2;SBDS;MPHOSPH10;UTP14A;UTP14C
Reactome_2022,Tie2 Signaling R-HSA-210993,5/17,0.002273728823748,0.0418558249667415,0,0,6.767328156456715,41.1882204056148,ANGPT1;PIK3CA;PTPN11;PIK3R1;SOS1
GO_Biological_Process_2023,Ubiquitin-Dependent Protein Catabolic Process Via The Multivesicular Body Sorting Pathway (GO:0043162),8/33,0.0004829800857343691,0.0439373883708066,0,0,5.20719723183391,39.75973742127801,TSG101;VPS4B;NEDD4;CHMP2B;PLAA;VPS37A;VPS36;STAM2
GO_Biological_Process_2023,Proteasomal Protein Catabolic Process (GO:0010498),26/220,0.0004746949883842513,0.0439373883708066,0,0,2.1954414509086297,16.801357959660166,VCP;PSMD14;UBXN2A;CCDC47;UBE2D3;PSMD7;RNF139;SOCS6;CSNK1A1;FEM1B;WWP1;BFAR;RAD23A;ARMC8;PPP2R5C;PSMA3;APPBP2;TBL1XR1;PSMC1;PSME4;PLAA;TRIP12;ATF6;UBE2K;NFE2L2;CUL4B
Reactome_2022,Regulation Of HSF1-mediated Heat Shock Response R-HSA-3371453,12/81,0.0024386812584308,0.044108651383406,0,0,2.8331823671497585,17.045268994449955,YWHAE;RANBP2;BAG4;SEH1L;POM121C;HSPA4;MAPKAPK2;TPR;NUP88;HSPA14;HSPA13;NUP37
Reactome_2022,Formation Of Early Elongation Complex R-HSA-113418,7/33,0.0024973528709809,0.044108651383406,0,0,4.377036101323051,26.22949370962843,CDK7;ERCC3;CCNH;NCBP2;GTF2H1;GTF2H3;POLR2K
Reactome_2022,Signaling By WNT In Cancer R-HSA-4791275,7/33,0.0024973528709809,0.044108651383406,0,0,4.377036101323051,26.22949370962843,TNKS2;TNKS;CSNK1A1;FZD4;PPP2R5A;PPP2R5C;LRP6
Reactome_2022,Signaling By FGFR In Disease R-HSA-1226099,10/61,0.0025658852880557,0.0447148276198516,0,0,3.191796649335644,19.040508806450458,FGF7;BAG4;ZMYM2;PIK3CA;NCBP2;PIK3R1;ERLIN2;SOS1;FGF13;POLR2K
Reactome_2022,ATF6 (ATF6-alpha) Activates Chaperones R-HSA-381033,4/11,0.0027071894223853,0.0453627766033039,0,0,9.27536945812808,54.834540022247566,MBTPS1;CALR;ATF6;HSP90B1
Reactome_2022,Establishment Of Sister Chromatid Cohesion R-HSA-2468052,4/11,0.0027071894223853,0.0453627766033039,0,0,9.27536945812808,54.834540022247566,ESCO1;PDS5A;SMC1A;SMC3
Reactome_2022,Signaling By PDGFRA Extracellular Domain Mutants R-HSA-9673770,4/11,0.0027071894223853,0.0453627766033039,0,0,9.27536945812808,54.834540022247566,PDGFRA;PIK3CA;PIK3R1;SOS1
Reactome_2022,Metabolism Of Non-Coding RNA R-HSA-194441,9/52,0.0028351414901209,0.0469054421213674,0,0,3.40555723346421,19.97585253916329,RANBP2;SEH1L;POM121C;NCBP2;TPR;DDX20;GEMIN5;NUP88;NUP37
WikiPathway_2023_Human,Ciliary Landscape WP4352,25/213,0.0006687665619176448,0.0484855757390292,0,0,2.1771617506958325,15.915216761490637,RB1;TRAF3IP1;IQGAP1;SMC4;EHBP1;IFT74;PSMD7;NUP88;IFT57;CEP290;BBS4;RAB2A;RNGTT;NDUFA5;IFT80;ARMC8;AIMP1;IFT20;MKLN1;VAPB;TIPRL;EXOC5;MCM6;VIM;ARL8B
Reactome_2022,Signaling By FLT3 Fusion Proteins R-HSA-9703465,5/18,0.0029988946055524,0.0489944406182139,0,0,6.2464326010486495,36.28872217362051,ZMYM2;PIK3CA;TRIP11;PIK3R1;SOS1
Reactome_2022,Transport To Golgi And Subsequent Modification R-HSA-948021,19/164,0.0032476612761552,0.0499207808159876,0,0,2.13900918536365,12.25613792923331,COPB2;MCFD2;SEC24A;COG6;SAR1B;USO1;MANEA;GOLGA2;LMAN1;SCFD1;SEC23IP;MAN1A2;TRAPPC6B;CAPZA1;CAPZA2;TMED2;MAN1A1;SEC22B;SEC31A
Reactome_2022,Adaptive Immune System R-HSA-1280218,61/733,0.0031303746887257,0.0499207808159876,0,0,1.494846306609679,8.62018455754108,ITGB1;RNF14;SH3KBP1;CLTC;CLSTN1;UBE2D3;HMGB1;PSMD7;RNF19A;SEC61G;AKT3;CDC27;ITGAV;SEC61B;PDIA3;UBE4A;PPP2R5A;PPP2R5C;FBXW2;KCTD7;PSMA3;PIK3CA;PSME4;UBE2V2;ANAPC4;UBE2V1;SEC22B;SOS1;RAB7A;CUL5;PSMD14;SAR1B;MAPKAP1;UBA5;CUL2;ITPR2;RNF6;BCL10;UBR1;PIK3R1;UBE2J1;RAP1A;HECTD2;SEC31A;SEC24A;WWP1;LNPEP;PTPN11;FBXO30;KLHL9;PSMC1;CAPZA1;NEDD4;CAPZA2;TPP2;TRIP12;TAB2;CALR;FBXL4;UBE2K;CD200
Reactome_2022,Protein Localization R-HSA-9609507,19/164,0.0032476612761552,0.0499207808159876,0,0,2.13900918536365,12.25613792923331,ATAD1;ACBD5;ABCD2;ZFAND6;UBE2D3;HSD17B4;CROT;HSPD1;CHCHD4;ALDH3A2;VAPA;PEX3;SEC61G;EHHADH;AGPS;TIMM17A;PXMP4;VDAC1;SEC61B
Reactome_2022,Transport Of SLBP Independent Mature mRNA R-HSA-159227,7/35,0.0035521290098598,0.0499207808159876,0,0,4.063958513396716,22.92157186418287,RANBP2;SEH1L;POM121C;NCBP2;TPR;NUP88;NUP37
Reactome_2022,Transport Of Ribonucleoproteins Into Host Nucleus R-HSA-168271,7/35,0.0035521290098598,0.0499207808159876,0,0,4.063958513396716,22.92157186418287,RANBP2;SEH1L;POM121C;TPR;NUP88;GNL3;NUP37
Reactome_2022,NEP/NS2 Interacts With Cellular Export Machinery R-HSA-168333,7/35,0.0035521290098598,0.0499207808159876,0,0,4.063958513396716,22.92157186418287,RANBP2;SEH1L;POM121C;TPR;NUP88;GNL3;NUP37
Reactome_2022,N-glycan Trimming In ER And Calnexin/Calreticulin Cycle R-HSA-532668,7/35,0.0035521290098598,0.0499207808159876,0,0,4.063958513396716,22.92157186418287,PDIA3;VCP;RNF139;PSMC1;CALR;UGGT2;UGGT1
Reactome_2022,Transport Of Mature mRNA Derived From An Intron-Containing Transcript R-HSA-159236,11/74,0.0035407906993123,0.0499207808159876,0,0,2.8428667795536833,16.043449210392847,FYTTD1;RANBP2;SEH1L;POM121C;NCBP2;ZC3H11A;TPR;THOC1;NUP88;CDC40;NUP37
Reactome_2022,RNA Polymerase II Transcribes snRNA Genes R-HSA-6807505,11/74,0.0035407906993123,0.0499207808159876,0,0,2.8428667795536833,16.043449210392847,GTF2A1;CDK7;CCNT2;SNAPC1;NCBP2;INTS2;INTS7;RPRD1A;RPAP2;ELL2;POLR2K
Reactome_2022,TGF-beta Receptor Signaling Activates SMADs R-HSA-2173789,8/44,0.0034957009339089,0.0499207808159876,0,0,3.613994617454825,20.44155358656089,ITGB1;PPP1CC;SMAD4;ZFYVE9;ITGAV;SRFBP1;UCHL5;TGFBR2
Reactome_2022,MET Activates PI3K/AKT Signaling R-HSA-8851907,3/6,0.0034427857025968,0.0499207808159876,0,0,16.2213608957795,91.9990320484859,PIK3CA;PIK3R1;SOS1
Reactome_2022,rRNA Processing In Nucleus And Cytosol R-HSA-8868773,21/189,0.0033769853192019,0.0499207808159876,0,0,2.0415573053368328,11.61803691457827,LTV1;UTP15;NOP14;WDR36;PNO1;DIS3;KRR1;WDR3;NIP7;SPPL2A;FCF1;GNL3;EBNA1BP2;DKC1;ERI1;XRN2;MPHOSPH10;RPL37;UTP14A;DCAF13;UTP14C
Reactome_2022,mRNA Splicing R-HSA-72172,21/189,0.0033769853192019,0.0499207808159876,0,0,2.0415573053368328,11.61803691457827,HNRNPA3;PDCD7;DHX9;NCBP2;CSTF3;CPSF2;WBP4;HNRNPU;CDC5L;HNRNPR;CWC15;PLRG1;RNPC3;CDC40;NUDT21;FIP1L1;PAPOLA;SF3B1;SMNDC1;POLR2K;RBM22
